open_timestamp_utc,close_timestamp_utc,open,high,low,close,volume
1555671600,1555675199,62.65,63.0,62.65,63.0,69.12
1555675200,1555678799,62.9,63.2,62.61,62.69,55.83
1555678800,1555682399,63.03,63.03,62.74,62.76,26.34
1555682400,1555685999,62.92,63.11,62.63,62.96,93.87
1555686000,1555689599,63.05,64.12,63.05,64.11,378.81
1555689600,1555693199,63.67,64.33,63.01,63.01,243.22
1555693200,1555696799,63.7,63.7,63.03,63.47,63.92
1555696800,1555700399,63.03,63.87,63.0,63.14,117.65
1555700400,1555703999,63.64,63.69,63.08,63.65,23.19
1555704000,1555707599,63.36,63.82,63.35,63.38,30.24
1555707600,1555711199,63.4,63.52,63.01,63.46,448.09
1555711200,1555714799,63.49,63.65,62.8,63.26,220.84
1555714800,1555718399,63.35,63.91,63.1,63.85,44.74
1555718400,1555721999,63.94,63.94,63.23,63.54,66.84
1555722000,1555725599,63.57,63.87,63.24,63.87,261.36
1555725600,1555729199,63.74,63.93,63.71,63.88,23.11
1555729200,1555732799,63.74,63.78,63.7,63.7,26.74
1555732800,1555736399,63.71,63.93,63.52,63.68,9.89
1555736400,1555739999,63.92,63.93,63.44,63.55,301.62
1555740000,1555743599,63.92,63.99,63.19,63.44,380.52
1555743600,1555747199,63.71,63.92,63.4,63.44,146.21
1555747200,1555750799,63.79,63.97,63.07,63.56,330.94
1555750800,1555754399,63.5,63.5,62.77,62.98,213.48
1555754400,1555757999,62.56,62.76,62.08,62.28,119.58
1555758000,1555761599,62.73,62.93,62.36,62.6,159.67
1555761600,1555765199,62.77,63.12,62.61,63.05,154.33
1555765200,1555768799,63.09,63.11,62.67,62.67,72.86
1555768800,1555772399,63.05,63.06,62.5,62.5,54.2
1555772400,1555775999,62.53,63.08,62.44,62.96,72.05
1555776000,1555779599,62.54,63.02,62.54,62.65,126.23
1555779600,1555783199,62.73,62.95,62.58,62.66,54.12
1555783200,1555786799,62.65,62.65,62.15,62.48,213.38
1555786800,1555790399,62.53,62.67,62.24,62.4,19.64
1555790400,1555793999,62.53,62.72,62.37,62.37,97.35
1555794000,1555797599,62.39,62.64,61.67,61.82,172.54
1555797600,1555801199,62.18,62.85,62.14,62.74,78.81
1555801200,1555804799,62.85,63.1,62.81,62.97,53.78
1555804800,1555808399,62.97,63.12,62.67,62.67,71.41
1555808400,1555811999,62.46,62.99,62.46,62.99,0.613
1555812000,1555815599,62.65,62.65,62.48,62.48,3.19
1555815600,1555819199,62.96,62.97,62.64,62.9,12.79
1555819200,1555822799,62.51,62.51,62.5,62.5,2.0
1555822800,1555826399,62.6,62.65,62.25,62.25,30.95
1555826400,1555829999,62.21,62.48,62.1,62.47,54.65
1555830000,1555833599,62.18,62.44,62.0,62.0,46.27
1555833600,1555837199,61.99,61.99,60.97,61.77,370.8
1555837200,1555840799,61.26,61.63,57.74,58.69,1011.9
1555840800,1555844399,58.65,59.99,58.07,59.0,659.03
1555844400,1555847999,59.43,59.95,58.0,59.37,772.35
1555848000,1555851599,59.99,60.89,58.08,58.79,190.97
1555851600,1555855199,59.13,59.23,58.53,58.81,92.15
1555855200,1555858799,59.19,59.7,58.8,59.19,182.44
1555858800,1555862399,59.14,59.35,58.76,58.87,70.96
1555862400,1555865999,58.81,59.35,58.5,58.82,246.96
1555866000,1555869599,58.62,59.21,58.6,58.6,128.1
1555869600,1555873199,59.03,59.18,58.6,58.9,48.35
1555873200,1555876799,58.69,59.27,58.66,59.22,65.81
1555876800,1555880399,59.22,59.74,58.91,59.33,244.69
1555880400,1555883999,59.49,59.68,59.35,59.68,20.69
1555884000,1555887599,59.68,60.66,59.58,60.15,148.8
1555887600,1555891199,60.07,60.17,59.6,59.67,395.37
1555891200,1555894799,59.69,60.14,59.48,59.48,78.62
1555894800,1555898399,59.69,59.69,59.0,59.0,265.4
1555898400,1555901999,58.91,58.91,58.91,58.91,5.41
1555902000,1555905599,58.87,58.87,58.4,58.4,63.54
1555905600,1555909199,58.63,58.63,58.54,58.63,18.45
1555909200,1555912799,58.66,58.66,58.51,58.51,3.91
1555912800,1555916399,58.63,58.82,58.35,58.82,11.4
1555916400,1555919999,58.86,59.05,58.66,59.05,38.84
1555920000,1555923599,58.85,59.4,58.85,59.38,64.19
1555923600,1555927199,59.18,59.94,59.14,59.61,140.75
1555927200,1555930799,59.84,60.3,59.46,60.3,182.78
1555930800,1555934399,60.3,60.39,59.86,59.86,96.16
1555934400,1555937999,59.97,59.99,59.36,59.39,158.18
1555938000,1555941599,59.35,59.41,59.21,59.27,183.31
1555941600,1555945199,59.1,59.74,59.03,59.47,48.78
1555945200,1555948799,59.46,60.2,59.08,59.16,251.96
1555948800,1555952399,59.08,59.17,58.73,59.07,112.99
1555952400,1555955999,59.35,59.62,59.05,59.56,424.02
1555956000,1555959599,59.55,59.61,59.06,59.59,219.72
1555959600,1555963199,59.41,59.96,59.32,59.96,137.97
1555963200,1555966799,60.0,60.0,59.38,59.42,172.55
1555966800,1555970399,59.65,60.07,59.39,59.49,388.14
1555970400,1555973999,59.62,60.08,59.39,59.94,496.67
1555974000,1555977599,59.93,59.93,59.5,59.5,113.28
1555977600,1555981199,59.46,59.46,59.23,59.23,3.87
1555981200,1555984799,59.15,59.35,59.15,59.35,42.8
1555984800,1555988399,59.76,59.76,59.76,59.76,10.41
1555988400,1555991999,59.76,59.85,59.61,59.62,33.01
1555992000,1555995599,59.26,61.1,59.08,60.53,193.36
1555995600,1555999199,60.6,60.85,60.27,60.75,266.97
1555999200,1556002799,60.71,60.96,60.23,60.96,243.16
1556002800,1556006399,60.73,61.13,60.61,60.88,152.88
1556006400,1556009999,61.09,61.31,60.8,60.86,156.05
1556010000,1556013599,60.8,60.81,60.37,60.48,190.99
1556013600,1556017199,60.67,60.77,60.29,60.42,217.17
1556017200,1556020799,60.39,60.64,60.12,60.28,285.69
1556020800,1556024399,60.23,60.68,60.21,60.51,139.02
1556024400,1556027999,60.45,60.61,60.2,60.21,159.32
1556028000,1556031599,60.45,60.94,60.21,60.9,141.04
1556031600,1556035199,60.8,60.8,59.99,60.06,186.64
1556035200,1556038799,60.24,60.31,59.93,60.21,247.25
1556038800,1556042399,60.04,60.3,59.95,60.0,174.51
1556042400,1556045999,60.25,60.25,59.88,60.13,196.24
1556046000,1556049599,59.98,60.17,59.92,60.1,164.16
1556049600,1556053199,60.1,60.11,59.36,59.81,229.87
1556053200,1556056799,59.48,59.84,59.17,59.38,363.74
1556056800,1556060399,59.36,59.36,58.15,59.16,269.48
1556060400,1556063999,59.31,59.33,57.33,57.51,453.69
1556064000,1556067599,57.28,58.22,57.15,58.05,220.23
1556067600,1556071199,57.81,57.81,55.0,56.16,609.96
1556071200,1556074799,56.64,56.89,56.41,56.89,55.97
1556074800,1556078399,56.9,57.64,56.9,57.51,62.66
1556078400,1556081999,57.28,57.46,56.89,57.46,173.86
1556082000,1556085599,57.49,57.96,57.05,57.33,280.23
1556085600,1556089199,57.56,57.7,56.96,57.27,340.7
1556089200,1556092799,57.29,57.29,55.09,55.88,767.16
1556092800,1556096399,55.86,56.69,55.44,56.35,780.86
1556096400,1556099999,56.23,56.23,55.48,55.62,690.62
1556100000,1556103599,55.62,55.89,55.01,55.47,700.69
1556103600,1556107199,55.48,56.43,55.29,56.29,345.47
1556107200,1556110799,56.05,56.56,55.97,56.27,94.82
1556110800,1556114399,56.35,56.35,55.41,55.58,199.29
1556114400,1556117999,55.58,56.16,55.47,56.02,156.27
1556118000,1556121599,56.03,56.4,55.81,55.81,222.75
1556121600,1556125199,56.0,56.22,55.12,55.41,173.87
1556125200,1556128799,55.67,56.06,55.5,55.5,121.46
1556128800,1556132399,55.5,55.72,54.84,55.72,277.71
1556132400,1556135999,55.73,56.49,55.73,56.34,238.45
1556136000,1556139599,56.3,56.65,56.07,56.47,174.15
1556139600,1556143199,56.5,56.54,55.85,56.22,318.51
1556143200,1556146799,56.2,56.96,56.11,56.96,151.52
1556146800,1556150399,56.84,57.0,56.26,56.83,154.33
1556150400,1556153999,56.94,57.5,56.75,57.4,36.8
1556154000,1556157599,57.21,57.96,57.11,57.4,313.18
1556157600,1556161199,57.39,57.39,56.68,56.87,104.72
1556161200,1556164799,56.69,56.69,56.49,56.68,20.4
1556164800,1556168399,56.97,57.23,56.82,56.88,26.42
1556168400,1556171999,56.63,56.9,56.46,56.89,22.32
1556172000,1556175599,56.89,56.89,56.06,56.32,41.88
1556175600,1556179199,56.25,56.8,56.07,56.53,244.33
1556179200,1556182799,56.75,56.88,56.48,56.8,222.43
1556182800,1556186399,56.77,56.88,56.31,56.88,121.51
1556186400,1556189999,56.89,58.14,56.89,57.6,437.74
1556190000,1556193599,57.62,57.83,57.31,57.58,159.67
1556193600,1556197199,57.68,57.82,57.35,57.63,88.85
1556197200,1556200799,57.63,57.63,57.25,57.38,29.8
1556200800,1556204399,57.64,57.77,57.15,57.22,86.05
1556204400,1556207999,57.64,57.71,57.34,57.58,129.6
1556208000,1556211599,57.59,57.74,57.33,57.45,76.89
1556211600,1556215199,57.52,57.67,57.14,57.34,68.33
1556215200,1556218799,57.47,57.51,57.1,57.51,217.3
1556218800,1556222399,57.38,57.67,57.25,57.48,624.96
1556222400,1556225999,57.45,57.74,57.4,57.62,49.8
1556226000,1556229599,57.59,57.68,56.71,56.86,378.63
1556229600,1556233199,56.71,56.71,54.0,55.2,717.36
1556233200,1556236799,55.33,55.33,54.38,54.99,399.95
1556236800,1556240399,55.01,55.03,53.86,54.63,343.51
1556240400,1556243999,54.69,54.89,54.3,54.55,78.26
1556244000,1556247599,54.54,56.87,54.43,56.33,108.52
1556247600,1556251199,56.18,56.47,55.79,56.06,56.88
1556251200,1556254799,55.85,56.12,55.81,55.81,24.4
1556254800,1556258399,55.3,55.74,55.19,55.58,268.42
1556258400,1556261999,55.4,55.43,54.75,55.15,120.66
1556262000,1556265599,55.16,55.77,54.99,55.52,144.09
1556265600,1556269199,55.57,56.08,55.28,55.47,72.14
1556269200,1556272799,55.35,55.47,55.08,55.23,329.03
1556272800,1556276399,55.23,55.37,55.04,55.26,242.82
1556276400,1556279999,55.23,55.4,55.0,55.3,264.01
1556280000,1556283599,55.2,55.59,55.2,55.48,112.26
1556283600,1556287199,55.3,55.47,55.12,55.37,87.98
1556287200,1556290799,55.4,55.41,54.93,54.94,91.94
1556290800,1556294399,55.0,55.05,54.6,54.61,185.73
1556294400,1556297999,54.57,55.11,53.99,54.6,405.21
1556298000,1556301599,54.78,55.28,54.58,55.19,25.1
1556301600,1556305199,54.82,54.99,54.36,54.36,124.43
1556305200,1556308799,54.49,54.75,54.33,54.6,39.14
1556308800,1556312399,54.48,54.99,54.48,54.75,166.4
1556312400,1556315999,54.9,55.0,54.78,55.0,192.08
1556316000,1556319599,55.15,55.85,55.14,55.85,144.96
1556319600,1556323199,55.78,55.78,55.29,55.48,63.22
1556323200,1556326799,55.8,55.8,55.5,55.7,11.66
1556326800,1556330399,55.61,55.7,55.3,55.46,13.02
1556330400,1556333999,55.64,55.64,55.22,55.51,8.66
1556334000,1556337599,55.53,55.53,55.21,55.31,2.26
1556337600,1556341199,55.26,55.33,55.2,55.33,19.46
1556341200,1556344799,55.27,55.58,55.01,55.58,11.35
1556344800,1556348399,55.55,55.55,55.47,55.47,22.11
1556348400,1556351999,55.44,55.65,55.2,55.65,49.64
1556352000,1556355599,55.54,55.54,55.0,55.24,94.93
1556355600,1556359199,55.32,55.45,55.09,55.17,53.7
1556359200,1556362799,55.2,55.44,54.91,54.91,74.25
1556362800,1556366399,54.92,55.31,54.91,54.97,32.85
1556366400,1556369999,55.3,55.39,54.83,54.93,82.76
1556370000,1556373599,54.93,55.31,54.86,55.28,43.83
1556373600,1556377199,55.28,55.61,55.0,55.34,118.92
1556377200,1556380799,55.36,55.41,55.07,55.1,111.86
1556380800,1556384399,55.28,55.5,55.09,55.38,50.07
1556384400,1556387999,55.18,55.49,55.06,55.18,173.25
1556388000,1556391599,55.43,55.57,55.25,55.53,53.47
1556391600,1556395199,55.54,55.96,55.27,55.85,191.08
1556395200,1556398799,55.82,55.91,55.23,55.52,103.81
1556398800,1556402399,55.51,55.75,54.96,54.96,180.76
1556402400,1556405999,55.27,55.75,55.16,55.74,109.01
1556406000,1556409599,55.76,55.78,55.01,55.32,55.4
1556409600,1556413199,55.52,55.71,55.21,55.71,4.56
1556413200,1556416799,54.99,54.99,54.73,54.73,117.25
1556416800,1556420399,54.97,54.97,54.97,54.97,0.336
1556420400,1556423999,54.62,54.7,54.51,54.7,9.05
1556424000,1556427599,54.66,54.7,54.61,54.7,1.2
1556427600,1556431199,54.6,54.75,54.12,54.31,162.91
1556431200,1556434799,54.19,54.38,54.01,54.08,908.73
1556434800,1556438399,54.23,54.39,54.09,54.39,5.3
1556438400,1556441999,54.47,54.64,54.28,54.29,121.56
1556442000,1556445599,54.41,54.94,54.23,54.23,231.51
1556445600,1556449199,54.57,54.92,54.03,54.88,138.78
1556449200,1556452799,54.96,55.44,54.7,55.31,121.44
1556452800,1556456399,55.26,55.26,54.63,54.63,99.33
1556456400,1556459999,54.82,55.02,52.75,52.9,356.6
1556460000,1556463599,53.69,54.41,52.99,53.39,190.28
1556463600,1556467199,53.04,53.77,53.02,53.73,219.1
1556467200,1556470799,53.4,53.4,52.72,52.83,644.6
1556470800,1556474399,52.89,53.02,52.74,52.81,195.39
1556474400,1556477999,52.68,53.05,52.6,52.78,206.85
1556478000,1556481599,52.6,52.81,52.0,52.0,379.16
1556481600,1556485199,52.08,52.38,52.07,52.3,101.88
1556485200,1556488799,52.04,52.18,51.88,52.07,92.45
1556488800,1556492399,51.89,52.37,51.81,52.37,143.81
1556492400,1556495999,52.39,52.63,52.22,52.58,482.26
1556496000,1556499599,52.5,52.74,52.41,52.74,11.91
1556499600,1556503199,52.65,52.68,52.41,52.41,29.65
1556503200,1556506799,52.4,52.99,52.4,52.77,533.15
1556506800,1556510399,52.86,52.86,52.65,52.65,6.08
1556510400,1556513999,52.92,52.92,52.79,52.79,18.28
1556514000,1556517599,52.98,52.98,52.8,52.9,38.08
1556517600,1556521199,52.88,53.14,52.6,52.6,38.25
1556521200,1556524799,52.75,53.48,52.53,52.74,109.7
1556524800,1556528399,52.57,52.73,52.44,52.52,90.74
1556528400,1556531999,52.4,52.52,52.08,52.2,153.22
1556532000,1556535599,52.38,52.42,51.61,51.68,148.43
1556535600,1556539199,51.69,52.13,51.69,51.97,165.63
1556539200,1556542799,51.96,51.96,50.52,51.02,249.72
1556542800,1556546399,50.98,51.34,50.25,51.33,554.72
1556546400,1556549999,51.54,51.7,51.13,51.38,335.22
1556550000,1556553599,51.58,51.62,51.12,51.12,82.89
1556553600,1556557199,51.06,51.51,50.89,51.39,321.54
1556557200,1556560799,51.25,51.57,51.2,51.31,341.97
1556560800,1556564399,51.55,51.6,50.98,51.6,665.51
1556564400,1556567999,51.36,51.6,51.16,51.52,537.53
1556568000,1556571599,51.52,51.54,50.93,51.17,351.56
1556571600,1556575199,51.18,51.3,51.03,51.12,82.37
1556575200,1556578799,51.07,51.1,50.58,50.75,128.03
1556578800,1556582399,50.92,51.35,50.72,51.35,424.77
1556582400,1556585999,51.3,52.84,51.3,52.01,185.49
1556586000,1556589599,52.36,52.36,52.36,52.36,0.0809
1556589600,1556593199,52.8,52.98,52.56,52.72,32.05
1556593200,1556596799,52.81,52.81,52.42,52.42,4.26
1556596800,1556600399,52.38,52.38,51.93,52.18,19.49
1556600400,1556603999,52.13,52.58,52.11,52.35,24.27
1556604000,1556607599,52.46,52.88,52.12,52.75,512.86
1556607600,1556611199,52.73,52.82,52.54,52.59,63.27
1556611200,1556614799,52.63,52.98,52.55,52.7,107.08
1556614800,1556618399,52.61,52.61,52.16,52.43,114.2
1556618400,1556621999,53.07,54.17,53.07,54.14,587.53
1556622000,1556625599,53.99,54.9,53.85,54.81,929.61
1556625600,1556629199,54.92,55.0,54.5,54.62,323.38
1556629200,1556632799,54.5,55.23,54.06,54.89,694.79
1556632800,1556636399,55.04,55.78,54.89,55.15,635.11
1556636400,1556639999,55.15,55.6,54.87,55.6,220.21
1556640000,1556643599,55.58,55.58,54.87,55.2,67.56
1556643600,1556647199,55.2,55.79,55.06,55.06,92.54
1556647200,1556650799,55.31,55.43,55.0,55.16,210.22
1556650800,1556654399,55.49,55.89,54.98,55.22,177.26
1556654400,1556657999,55.2,55.72,54.83,55.41,370.27
1556658000,1556661599,55.57,56.36,55.38,56.1,304.94
1556661600,1556665199,56.3,56.8,56.11,56.62,173.53
1556665200,1556668799,56.69,56.92,56.18,56.47,260.33
1556668800,1556672399,56.48,57.23,56.15,56.7,206.39
1556672400,1556675999,56.72,56.74,56.22,56.22,20.36
1556676000,1556679599,56.45,56.62,56.45,56.62,6.07
1556679600,1556683199,56.16,56.16,56.16,56.16,17.0
1556683200,1556686799,55.93,56.04,55.65,56.04,91.69
1556686800,1556690399,55.9,56.29,55.89,56.29,183.93
1556690400,1556693999,56.32,56.48,55.92,56.48,103.48
1556694000,1556697599,56.43,56.45,55.95,56.09,113.15
1556697600,1556701199,55.92,56.09,54.84,55.21,534.97
1556701200,1556704799,55.23,55.79,55.0,55.6,699.81
1556704800,1556708399,55.23,55.53,55.11,55.41,143.76
1556708400,1556711999,55.41,55.92,55.35,55.65,463.7
1556712000,1556715599,55.41,55.6,54.69,55.03,88.35
1556715600,1556719199,54.82,54.91,54.31,54.77,481.52
1556719200,1556722799,54.98,55.59,54.73,55.26,329.67
1556722800,1556726399,55.04,55.28,54.89,55.08,148.73
1556726400,1556729999,55.25,55.56,54.97,54.97,133.56
1556730000,1556733599,55.38,56.48,55.33,56.48,97.67
1556733600,1556737199,56.17,56.52,55.45,55.75,112.37
1556737200,1556740799,55.75,55.85,54.99,55.4,116.19
1556740800,1556744399,55.17,55.35,54.87,55.15,50.82
1556744400,1556747999,55.15,55.37,54.93,55.16,36.84
1556748000,1556751599,55.27,55.27,54.76,55.03,43.45
1556751600,1556755199,54.97,55.81,54.97,55.53,46.5
1556755200,1556758799,55.54,55.86,55.25,55.34,22.16
1556758800,1556762399,55.16,55.96,55.06,55.27,9.09
1556762400,1556765999,55.29,55.29,55.29,55.29,2.4
1556766000,1556769599,55.51,55.51,55.51,55.51,1.0
1556769600,1556773199,55.49,55.62,55.37,55.62,31.43
1556773200,1556776799,55.41,55.73,55.34,55.73,15.14
1556776800,1556780399,55.36,55.7,55.23,55.44,37.94
1556780400,1556783999,55.75,56.14,55.7,56.03,73.97
1556784000,1556787599,56.05,56.14,55.82,56.13,287.33
1556787600,1556791199,55.91,55.96,55.48,55.72,75.2
1556791200,1556794799,55.77,55.85,55.48,55.59,46.62
1556794800,1556798399,55.72,55.94,55.51,55.58,77.08
1556798400,1556801999,55.5,55.99,55.5,55.76,76.58
1556802000,1556805599,55.99,56.0,55.16,55.51,370.72
1556805600,1556809199,55.94,55.94,55.07,55.25,234.15
1556809200,1556812799,55.38,55.83,55.37,55.74,170.35
1556812800,1556816399,55.44,55.82,55.18,55.33,105.28
1556816400,1556819999,55.21,55.57,55.11,55.36,58.41
1556820000,1556823599,55.25,55.46,55.17,55.24,72.44
1556823600,1556827199,55.09,55.35,54.77,55.18,323.41
1556827200,1556830799,55.15,55.5,54.91,55.39,182.58
1556830800,1556834399,55.38,55.59,55.32,55.32,42.16
1556834400,1556837999,55.4,55.62,55.28,55.58,67.01
1556838000,1556841599,55.36,55.67,55.28,55.45,26.94
1556841600,1556845199,55.41,55.53,55.27,55.53,9.27
1556845200,1556848799,55.44,56.35,55.44,56.26,97.1
1556848800,1556852399,56.35,56.46,56.34,56.34,12.72
1556852400,1556855999,56.16,56.33,56.16,56.26,305.79
1556856000,1556859599,56.38,56.65,56.16,56.44,14.53
1556859600,1556863199,56.41,56.48,56.23,56.48,107.72
1556863200,1556866799,56.48,56.96,56.48,56.51,47.72
1556866800,1556870399,56.74,56.94,56.25,56.55,116.21
1556870400,1556873999,56.63,56.67,55.98,56.08,204.68
1556874000,1556877599,56.28,61.16,56.05,60.88,1528.13
1556877600,1556881199,60.9,60.9,59.7,59.7,894.72
1556881200,1556884799,59.77,60.5,59.77,60.0,345.4
1556884800,1556888399,60.0,60.76,59.88,60.1,758.02
1556888400,1556891999,60.21,60.83,60.21,60.35,407.22
1556892000,1556895599,60.52,60.6,59.5,59.5,186.06
1556895600,1556899199,59.43,59.56,58.95,59.49,436.38
1556899200,1556902799,59.52,59.52,59.03,59.29,165.0
1556902800,1556906399,59.3,59.3,58.36,58.87,246.04
1556906400,1556909999,58.67,59.18,58.36,58.95,283.7
1556910000,1556913599,58.87,59.27,58.8,58.87,159.85
1556913600,1556917199,59.15,59.73,58.88,59.39,60.12
1556917200,1556920799,59.4,59.5,58.99,59.32,154.2
1556920800,1556924399,59.47,59.48,58.95,59.03,19.51
1556924400,1556927999,59.01,59.22,58.88,59.14,55.13
1556928000,1556931599,59.15,61,59.15,60.85,217.21
1556931600,1556935199,60.46,61.57,60.28,61.15,219.55
1556935200,1556938799,61.24,61.42,60.28,60.39,205.23
1556938800,1556942399,60.64,60.74,59.49,59.63,485.61
1556942400,1556945999,59,59,57.5,58.67,276.5
1556946000,1556949599,58.23,58.71,58.12,58.31,22.18
1556949600,1556953199,58.19,58.97,57.61,58.97,323.15
1556953200,1556956799,58.9,59.18,58.79,58.99,81.24
1556956800,1556960399,58.8,59.3,58.5,58.89,48.2
1556960400,1556963999,59.09,59.14,57.79,57.79,101
1556964000,1556967599,57.83,58.32,57.65,58.27,206.06
1556967600,1556971199,58.27,58.55,58,58.24,23.83
1556971200,1556974799,58.34,58.35,57.05,57.35,263.3
1556974800,1556978399,57.73,58.09,56.28,56.5,1110.5
1556978400,1556981999,56.64,57.18,56.55,57.13,224.01
1556982000,1556985599,57.03,57.2,57,57,55.08
1556985600,1556989199,56.76,57.55,56.53,57.18,88.45
1556989200,1556992799,57.07,57.4,57.07,57.27,172.15
1556992800,1556996399,57.37,57.37,57.01,57.36,32.77
1556996400,1556999999,57.04,57.46,57.02,57.46,107.79
1557000000,1557003599,57.46,58.49,57.46,58.12,92.95
1557003600,1557007199,58.79,59.1,58.55,59.01,327.48
1557007200,1557010799,58.97,59.14,58.55,59.14,65.58
1557010800,1557014399,58.99,58.99,58.16,58.33,234.94
1557014400,1557017999,58.68,58.68,58.01,58.44,16.7
1557018000,1557021599,58.47,58.48,58.01,58.01,7.34
1557021600,1557025199,58.01,58.15,58.01,58.15,27.99
1557025200,1557028799,58.01,58.46,57.73,58.46,11.3
1557028800,1557032399,58.32,58.35,58,58,9.85
1557032400,1557035999,57.73,58.42,57.62,58.29,39.01
1557036000,1557039599,58.27,58.41,57.83,57.88,5.58
1557039600,1557043199,57.83,58.28,57.6,57.6,20.44
1557043200,1557046799,57.6,58.26,57.26,57.55,53.79
1557046800,1557050399,57.53,57.97,57.19,57.33,242.2
1557050400,1557053999,57.32,57.75,56.8,57.37,98.97
1557054000,1557057599,57.82,57.98,56.85,57.45,181.74
1557057600,1557061199,57.38,57.8,57.05,57.69,103.26
1557061200,1557064799,57.87,57.97,57.29,57.72,77.5
1557064800,1557068399,57.82,57.94,57.12,57.65,460.21
1557068400,1557071999,57.42,57.77,57.07,57.77,32.27
1557072000,1557075599,57.15,57.66,57.15,57.21,11.98
1557075600,1557079199,57.35,57.41,56.98,57.19,82.39
1557079200,1557082799,56.91,57.56,56.9,57.51,109.18
1557082800,1557086399,57.2,57.92,57.06,57.86,177.61
1557086400,1557089999,57.44,58.58,57.44,57.89,434.1
1557090000,1557093599,57.85,58.55,57.55,57.97,81.15
1557093600,1557097199,58.04,58.05,57,57,371.32
1557097200,1557100799,56.93,57.37,56.92,56.96,93.98
1557100800,1557104399,57.11,57.46,55.5,55.5,648.57
1557104400,1557107999,55.65,55.76,54.9,55.48,154.71
1557108000,1557111599,55.69,56.02,55.64,55.86,19.07
1557111600,1557115199,55.82,55.83,54.35,54.72,131.09
1557115200,1557118799,54.69,55.06,54.69,54.95,41.43
1557118800,1557122399,55.05,55.31,55.04,55.08,90.94
1557122400,1557125999,55.19,55.76,54.55,54.85,86.48
1557126000,1557129599,55.07,55.18,54.44,54.44,175.17
1557129600,1557133199,54.35,55,54.35,54.85,162.22
1557133200,1557136799,54.7,56.38,54.67,55.83,267.85
1557136800,1557140399,55.87,56.22,55.5,55.65,73.95
1557140400,1557143999,55.61,56.17,55.61,56.17,83.38
1557144000,1557147599,56,56,55.5,55.84,62.53
1557147600,1557151199,55.63,55.8,55.18,55.18,51.95
1557151200,1557154799,55.43,56.98,55.43,56.68,166.2
1557154800,1557158399,56.48,57.09,56.4,57.09,509.63
1557158400,1557161999,57.09,58.09,57.09,57.66,709.75
1557162000,1557165599,57.98,58.12,57.18,57.64,105.12
1557165600,1557169199,57.99,58.12,57.39,57.48,396.09
1557169200,1557172799,57.67,57.91,57.18,57.39,349.36
1557172800,1557176399,57.6,57.6,56.96,57.28,74.63
1557176400,1557179999,57.28,57.78,56.85,57.53,271.26
1557180000,1557183599,57.79,57.8,56.96,57.51,92.65
1557183600,1557187199,57.13,57.2,56.72,57.2,41.78
1557187200,1557190799,57.24,59.3,57.24,58.84,667.63
1557190800,1557194399,58.9,58.95,58.13,58.3,25.7
1557194400,1557197999,58.03,59.01,58.03,58.32,13.21
1557198000,1557201599,59.04,59.18,58.07,58.22,577.48
1557201600,1557205199,58.52,58.62,57.93,57.93,149.35
1557205200,1557208799,58.05,58.35,57.78,57.78,365.05
1557208800,1557212399,57.54,58.31,57.32,58.31,54.37
1557212400,1557215999,58.06,58.21,57.7,58.12,149.7
1557216000,1557219599,58.2,58.32,57.71,57.71,75.59
1557219600,1557223199,57.95,58.49,57.75,58.47,205.38
1557223200,1557226799,58.4,58.59,57.89,58.29,568.98
1557226800,1557230399,58.4,58.4,57.76,58.35,145.89
1557230400,1557233999,58.26,58.48,57.91,58.46,203.65
1557234000,1557237599,58.43,58.57,58.1,58.24,214.98
1557237600,1557241199,58.59,58.85,56.01,56.28,762.05
1557241200,1557244799,56.75,56.95,56.33,56.77,337.6
1557244800,1557248399,56.91,57.39,56.73,57.28,234.73
1557248400,1557251999,57.2,57.22,56.79,56.91,151.05
1557252000,1557255599,56.92,57.09,56.79,57.01,40.06
1557255600,1557259199,56.82,57.16,56.51,56.71,80.59
1557259200,1557262799,56.94,57.22,56.51,57.11,317.49
1557262800,1557266399,57.07,57.26,56.87,57.26,34.31
1557266400,1557269999,57.15,57.48,56.93,57.34,208.35
1557270000,1557273599,57.46,57.78,56,56.23,310.21
1557273600,1557277199,55.65,55.84,54.7,55.54,375.92
1557277200,1557280799,55.39,56.23,55.39,56.09,17.98
1557280800,1557284399,56.25,56.6,55.82,55.82,49.66
1557284400,1557287999,55.75,56.05,55.75,56.05,5.94
1557288000,1557291599,55.91,56.29,55.91,56.26,7.4
1557291600,1557295199,56.39,56.41,56.14,56.23,49.08
1557295200,1557298799,56.3,56.4,56.07,56.21,116.3
1557298800,1557302399,55.99,56.25,55.86,56.07,279.03
1557302400,1557305999,55.89,56.31,55.71,56.03,66.27
1557306000,1557309599,56.27,56.33,55.86,56.2,137.16
1557309600,1557313199,55.92,56.51,55.92,56.4,89.42
1557313200,1557316799,56.41,56.74,56.17,56.6,205.9
1557316800,1557320399,56.72,56.8,56.13,56.41,120.48
1557320400,1557323999,56.12,56.53,55.93,56.32,173.15
1557324000,1557327599,56.29,56.77,56.05,56.51,116.93
1557327600,1557331199,56.61,56.65,56.26,56.36,30.28
1557331200,1557334799,56.64,56.74,56,56,117.68
1557334800,1557338399,56.33,56.61,56.02,56.28,237.23
1557338400,1557341999,56.44,56.44,56.28,56.42,106.51
1557342000,1557345599,56.42,56.64,56.28,56.59,108.83
1557345600,1557349199,56.59,56.88,56.46,56.76,207.35
1557349200,1557352799,56.82,57.47,56.72,57.1,179.68
1557352800,1557356399,57.1,57.48,56.65,57.32,151.76
1557356400,1557359999,57.02,57.31,56.4,56.89,146.31
1557360000,1557363599,56.9,57.37,56.48,57.37,79.34
1557363600,1557367199,57.49,57.95,57.21,57.83,256.98
1557367200,1557370799,57.7,57.81,57.64,57.81,241.14
1557370800,1557374399,57.8,57.8,57.58,57.62,38.12
1557374400,1557377999,57.58,57.71,57.44,57.71,18.94
1557378000,1557381599,57.85,57.85,56.69,56.83,79.45
1557381600,1557385199,56.66,57.15,56.51,56.85,210.19
1557385200,1557388799,56.8,56.99,56.51,56.75,92.06
1557388800,1557392399,56.75,57.12,56.75,56.85,75.11
1557392400,1557395999,57.04,57.04,56.61,56.72,317.5
1557396000,1557399599,56.94,56.94,56.62,56.78,128.3
1557399600,1557403199,56.84,56.84,56.23,56.53,279.41
1557403200,1557406799,56.53,56.53,55.8,55.93,559.38
1557406800,1557410399,56,56.75,55.91,56.4,96.62
1557410400,1557413999,56.6,56.6,55.97,55.97,64.48
1557414000,1557417599,56.36,56.38,55.96,55.97,134.55
1557417600,1557421199,56.15,56.42,55.97,56.37,39.45
1557421200,1557424799,56.23,56.26,55.75,55.75,80.03
1557424800,1557428399,55.9,55.93,55.51,55.68,100.87
1557428400,1557431999,55.84,56.1,55.67,55.88,222.96
1557432000,1557435599,55.8,56.26,55.59,56.03,200.92
1557435600,1557439199,56.05,57.07,56.05,56.62,307.33
1557439200,1557442799,56.78,56.78,56.22,56.22,233.31
1557442800,1557446399,56.72,57.07,56.48,56.93,130.75
1557446400,1557449999,56.93,57.07,56.19,56.19,259.71
1557450000,1557453599,56.05,56.33,55.8,56.09,45.7
1557453600,1557457199,56.12,56.46,55.8,55.8,33.66
1557457200,1557460799,55.73,56.62,55.73,56.29,317.49
1557460800,1557464399,56.26,59.6,56.12,59.53,831.94
1557464400,1557467999,59.41,59.41,58.73,58.98,347.08
1557468000,1557471599,59.14,59.29,58.84,59.22,93.62
1557471600,1557475199,59.19,59.41,58.91,59.17,199.41
1557475200,1557478799,59.19,59.34,57.94,58.21,244.28
1557478800,1557482399,58.12,58.32,57.26,58.07,341.3
1557482400,1557485999,58.31,58.47,57.82,58.09,222.35
1557486000,1557489599,57.99,58.6,57.99,58.49,78.43
1557489600,1557493199,58.45,58.45,57.86,58.23,96.48
1557493200,1557496799,58.02,58.33,58,58.04,175.63
1557496800,1557500399,57.81,58.06,57.23,57.7,228.71
1557500400,1557503999,57.51,58.32,57.46,58.32,305.64
1557504000,1557507599,58.32,58.87,58.03,58.73,280.02
1557507600,1557511199,58.43,59.21,58,58.75,487.63
1557511200,1557514799,58.87,59.23,58.66,58.98,138.74
1557514800,1557518399,58.86,58.86,58.66,58.66,56.1
1557518400,1557521999,58.96,60.46,58.4,59.1,821.29
1557522000,1557525599,58.97,59.36,58.6,59.1,201.22
1557525600,1557529199,58.91,59.94,58.47,59.26,95.67
1557529200,1557532799,59.76,59.82,57.99,59.18,361.71
1557532800,1557536399,59.29,59.67,58.56,59.5,79.48
1557536400,1557539999,59.5,59.95,59.43,59.43,208.87
1557540000,1557543599,59.74,60.32,59.44,59.83,102.6
1557543600,1557547199,60.31,60.98,59.76,60.55,337.35
1557547200,1557550799,60.75,60.82,59.12,60.27,196.32
1557550800,1557554399,59.04,60.97,59.04,60.64,228.41
1557554400,1557557999,60.58,61.49,59.91,60.71,388.26
1557558000,1557561599,60.88,61.28,60.23,60.88,149.42
1557561600,1557565199,61.11,66.89,61.02,65.56,2088.36
1557565200,1557568799,65.5,66.78,64.72,65.99,1562.1
1557568800,1557572399,66.2,68.28,66.2,67.5,1549.73
1557572400,1557575999,67.33,67.67,65.82,66.47,1605.8
1557576000,1557579599,66.47,66.92,65.13,66.87,473.41
1557579600,1557583199,66.67,67.35,66.41,66.74,1158.09
1557583200,1557586799,66.57,66.83,66.15,66.82,405.59
1557586800,1557590399,66.53,69.09,66.53,69.09,1331.09
1557590400,1557593999,69.33,69.33,67.62,68.31,1238.15
1557594000,1557597599,68.21,70.61,68.21,70.58,2740.08
1557597600,1557601199,70.26,71.43,69.57,70.1,1848.06
1557601200,1557604799,70.45,70.46,68.06,68.21,1490.66
1557604800,1557608399,68.25,69.65,68.25,69.54,277.05
1557608400,1557611999,69.53,70.89,68.49,70.89,741.54
1557612000,1557615599,70.73,71.5,69.46,70.79,2200.75
1557615600,1557619199,71.16,73.7,66.5,67.72,1442.22
1557619200,1557622799,67.7,69.89,65.67,66.99,1392.28
1557622800,1557626399,66.51,68.64,66.01,68.42,330.25
1557626400,1557629999,68.22,69.01,67.73,67.73,779.04
1557630000,1557633599,67.51,68.1,67.31,67.68,60.39
1557633600,1557637199,68.53,69.92,68.47,69.26,214.11
1557637200,1557640799,69.68,71.09,69.66,70.69,356.64
1557640800,1557644399,71.12,71.2,69.88,70.35,251.39
1557644400,1557647999,70.75,72.41,70.29,72.27,630.19
1557648000,1557651599,71.66,72.39,67.54,70.04,1023.77
1557651600,1557655199,70.16,71.34,69,69.73,691.32
1557655200,1557658799,69.6,70.05,67.5,67.5,560.32
1557658800,1557662399,67.32,68.83,64.78,67.23,2332.78
1557662400,1557665999,67.34,68.33,66.37,68.23,479.12
1557666000,1557669599,68.05,68.7,66.96,67.52,290.34
1557669600,1557673199,66.76,68.12,65.48,65.51,417.01
1557673200,1557676799,65,66.15,63.64,64.7,1787.7
1557676800,1557680399,63.81,65.7,63.81,64.06,372.43
1557680400,1557683999,64.36,65.58,63.9,65.4,441.3
1557684000,1557687599,65.4,66.89,65.11,66.86,646.95
1557687600,1557691199,66.89,66.94,65.5,65.96,674.31
1557691200,1557694799,66.38,67.03,65.4,67.03,675.88
1557694800,1557698399,66.65,67.09,65.64,66.74,367.04
1557698400,1557701999,66.26,66.3,65,65.54,149.33
1557702000,1557705599,65.08,65.38,64.57,65.38,326.95
1557705600,1557709199,65.29,66.44,64.84,66.44,105.06
1557709200,1557712799,66.49,66.79,66.07,66.07,13.34
1557712800,1557716399,66,66.34,65.98,65.98,8.22
1557716400,1557719999,65.98,66.08,65.73,65.73,8.06
1557720000,1557723599,65.98,66.45,65.97,66.36,33.62
1557723600,1557727199,66.74,66.88,66.09,66.09,21.91
1557727200,1557730799,66.47,66.5,66.14,66.27,121.29
1557730800,1557734399,66.17,66.18,65.01,65.01,197.74
1557734400,1557737999,65.2,65.62,65,65.49,208.52
1557738000,1557741599,65.5,66.4,65.09,66.07,802.72
1557741600,1557745199,66.08,66.38,65.48,66.03,260.7
1557745200,1557748799,66.43,67.99,65.89,67.3,510.13
1557748800,1557752399,66.97,67.69,66.78,67.49,251.09
1557752400,1557755999,67.49,67.99,66.98,67.6,1301.94
1557756000,1557759599,67.44,68.98,67.11,68.5,547.14
1557759600,1557763199,68.18,71.5,68.18,70.4,2241.62
1557763200,1557766799,70.4,72,69.83,71.06,1524.72
1557766800,1557770399,70.71,71.22,68.56,68.68,885.72
1557770400,1557773999,68.8,70.26,68.69,69.94,443.37
1557774000,1557777599,69.94,70.1,69.21,69.75,671.63
1557777600,1557781199,69.61,69.66,68.72,69.58,284.87
1557781200,1557784799,69.38,70.45,69.2,69.83,442.32
1557784800,1557788399,69.9,70.49,68.4,68.51,781.91
1557788400,1557791999,68.66,68.66,66.68,68.07,1412.88
1557792000,1557795599,67.8,69.2,67.33,69.2,54.05
1557795600,1557799199,68.42,69.2,68.1,69.01,373.11
1557799200,1557802799,68.39,71.14,68.38,69.93,156.68
1557802800,1557806399,70.47,71.39,70,70.58,249.87
1557806400,1557809999,71.09,71.49,70.24,71.49,121.24
1557810000,1557813599,71.5,72.91,69.8,70.44,915.92
1557813600,1557817199,70.57,71.69,69.95,70.82,542.03
1557817200,1557820799,71.25,72.59,70.65,72.59,790.99
1557820800,1557824399,72.46,72.62,69.19,69.93,960.66
1557824400,1557827999,70,71.01,69.74,69.97,539.8
1557828000,1557831599,69.73,70.22,69.12,69.9,289.83
1557831600,1557835199,69.93,70.54,69.33,69.96,298.44
1557835200,1557838799,69.87,71.16,69.49,70.64,703.54
1557838800,1557842399,70.64,70.67,69.86,70.04,195.1
1557842400,1557845999,70.49,71.09,69.54,69.96,138.83
1557846000,1557849599,70.28,70.6,68.64,68.64,1195.11
1557849600,1557853199,68.62,70.09,67,70.03,712.72
1557853200,1557856799,69.89,70,68.94,69.9,230.81
1557856800,1557860399,69.98,70,68.13,68.98,1467.85
1557860400,1557863999,68.2,69.19,67.65,69.17,1774.01
1557864000,1557867599,69.17,69.19,68.01,68.41,220.18
1557867600,1557871199,68.5,69.31,68.01,69.1,375.27
1557871200,1557874799,68.87,70.23,68.82,70,222.02
1557874800,1557878399,69.92,71.44,69.77,70.66,592.55
1557878400,1557881999,71.24,71.92,69.87,70.85,234.53
1557882000,1557885599,71.77,71.8,71.3,71.32,224.16
1557885600,1557889199,70.92,71.23,70.27,71.2,231.95
1557889200,1557892799,71.5,74.1,70.88,74.1,2086.49
1557892800,1557896399,73.93,73.93,72.05,72.48,471.1
1557896400,1557899999,72.5,73.52,71.91,72.82,806.7
1557900000,1557903599,73.04,73.52,72.33,72.63,1008.59
1557903600,1557907199,72.43,73.03,70.66,71.42,339.98
1557907200,1557910799,71.85,73.36,71.04,71.6,725.72
1557910800,1557914399,71.54,73.29,71.5,72.47,199.54
1557914400,1557917999,73,73.83,72.11,72.53,933.72
1557918000,1557921599,72.55,72.74,71.66,71.75,417.84
1557921600,1557925199,72.11,72.73,71.5,72.36,307.43
1557925200,1557928799,72.4,72.97,71.32,72.95,492.05
1557928800,1557932399,72.97,73.5,72.2,72.45,694.47
1557932400,1557935999,72.21,74,72.2,74,480.84
1557936000,1557939599,74,80,73,78.98,3553.28
1557939600,1557943199,79.13,81.34,78.7,79.1,2890.13
1557943200,1557946799,78.89,80.19,78.52,78.97,1198.3
1557946800,1557950399,78.96,79.98,78.2,79.98,1333.39
1557950400,1557953999,80,80.41,78.28,78.35,972.52
1557954000,1557957599,78.61,79.93,78.05,78.87,697.77
1557957600,1557961199,79.12,80.7,79.12,80.68,755.88
1557961200,1557964799,80.67,81.42,79.74,79.74,1203.61
1557964800,1557968399,79.66,83.1,79.14,82.2,881.09
1557968400,1557971999,82.8,83.1,81.22,82.79,326.53
1557972000,1557975599,82.85,83.72,82.27,83.02,347.1
1557975600,1557979199,83.3,83.3,80.86,81.37,587.17
1557979200,1557982799,81.41,81.41,75.5,77.9,1410.53
1557982800,1557986399,77.9,80.37,76.25,77.63,757.67
1557986400,1557989999,77.48,80.12,77,79.44,1064.94
1557990000,1557993599,79.82,79.93,77.81,78.19,811.51
1557993600,1557997199,78,78.76,77.09,77.09,619.57
1557997200,1558000799,77.2,78.23,75.32,75.97,926.16
1558000800,1558004399,75.5,76.23,71.21,73.17,3385.54
1558004400,1558007999,72.73,74.25,72.61,73.18,893.99
1558008000,1558011599,73.18,74.25,71.62,71.73,747.09
1558011600,1558015199,72.62,73.81,72.37,73.78,682.64
1558015200,1558018799,73.78,77.58,73.78,77.58,1618.34
1558018800,1558022399,76.22,78.1,75.56,78.1,752.91
1558022400,1558025999,77.57,79.42,75.73,75.76,903.8
1558026000,1558029599,75.51,76.19,73.55,74.77,1065.41
1558029600,1558033199,74.63,75.96,74.02,75.14,187.08
1558033200,1558036799,75.11,75.11,73.7,74.36,1766.8
1558036800,1558040399,74.3,74.98,72.6,72.61,704.13
1558040400,1558043999,73.44,75.83,72.3,75.75,671.33
1558044000,1558047599,75.17,75.57,74.0,74.4,847.01426561
1558047600,1558051199,74.0,75.0,74.0,75.0,72.90877762
1558051200,1558054799,74.96,76.48,74.39,74.79,186.68119231
1558054800,1558058399,74.01,74.44,72.9,73.39,146.49876119
1558058400,1558061999,72.9,73.04,70.0,70.99,622.18928588
1558062000,1558065599,70.01,71.74,65.95,71.74,1208.27894133
1558065600,1558069199,70.86,71.16,69.04,69.55,690.03808454
1558069200,1558072799,69.01,70.06,68.05,68.05,356.39546637
1558072800,1558076399,68.05,69.12,65.71,66.96,1433.37026528
1558076400,1558079999,67.25,69.17,66.65,69.08,832.18148776
1558080000,1558083599,69.04,69.96,67.74,69.21,864.33027164
1558083600,1558087199,69.05,69.93,68.31,69.63,576.90840545
1558087200,1558090799,69.72,69.93,67.81,68.5,549.86855382
1558090800,1558094399,68.38,68.66,66.53,68.53,1056.80937773
1558094400,1558097999,68.75,68.75,66.15,68.33,521.17555195
1558098000,1558101599,68.29,69.32,67.76,68.97,391.01807549
1558101600,1558105199,69.23,69.73,68.38,68.58,285.23688411
1558105200,1558108799,68.57,68.72,67.21,67.21,239.3875052
1558108800,1558112399,67.21,68.68,65.72,67.05,934.99015362
1558112400,1558115999,67.72,67.76,66.43,66.67,239.98832473
1558116000,1558119599,66.61,67.91,66.26,67.91,223.39674214
1558119600,1558123199,67.91,68.0,67.03,68.0,292.91250406
1558123200,1558126799,67.83,68.49,67.68,68.02,397.11914179
1558126800,1558130399,68.47,69.57,68.47,69.55,277.36365356
1558130400,1558133999,69.98,70.99,69.09,69.56,423.10455163
1558134000,1558137599,69.41,71.1,69.4,71.1,272.95447928
1558137600,1558141199,71.1,71.1,69.84,69.92,376.30727009
1558141200,1558144799,69.91,70.77,69.91,70.13,64.86226778
1558144800,1558148399,69.92,70.82,69.0,69.41,154.30905181
1558148400,1558151999,70.17,70.72,69.1,69.59,20.55251267
1558152000,1558155599,70.22,70.72,69.57,69.57,26.17426683
1558155600,1558159199,70.8,71.08,69.44,70.88,64.59985028
1558159200,1558162799,70.91,70.92,70.3,70.45,316.52206596
1558162800,1558166399,70.45,70.45,68.5,68.56,152.9048379
1558166400,1558169999,68.5,69.77,68.5,69.23,180.12013357
1558170000,1558173599,68.74,68.96,66.66,67.79,572.72655246
1558173600,1558177199,68.13,69.89,67.32,68.8,269.77235312
1558177200,1558180799,69.0,69.6,68.84,69.12,156.95979298
1558180800,1558184399,69.32,69.75,69.01,69.3,69.68278589
1558184400,1558187999,69.29,70.24,68.61,70.24,129.9774816
1558188000,1558191599,70.11,70.6,69.02,69.89,197.55206437
1558191600,1558195199,69.67,70.4,69.42,70.12,96.28727651
1558195200,1558198799,69.83,70.31,69.76,69.85,162.71836655
1558198800,1558202399,69.42,69.67,68.88,69.49,159.18111836
1558202400,1558205999,69.47,69.51,68.6,68.92,96.21161684
1558206000,1558209599,69.13,69.9,68.23,68.94,557.28013956
1558209600,1558213199,68.43,69.09,68.12,69.09,75.38913755
1558213200,1558216799,69.07,69.89,68.67,69.75,151.86606775
1558216800,1558220399,69.91,69.97,68.18,69.5,23.32183777
1558220400,1558223999,69.07,69.42,68.38,68.85,111.60681264
1558224000,1558227599,68.64,68.8,68.08,68.8,141.04256055
1558227600,1558231199,69.39,71.08,69.39,71.08,545.66731293
1558231200,1558234799,70.7,71.89,70.58,71.05,786.72331048
1558234800,1558238399,71.8,73.11,71.8,72.47,977.9042866
1558238400,1558241999,72.37,73.33,72.11,73.0,151.73921961
1558242000,1558245599,73.0,73.45,72.52,72.87,171.61110842
1558245600,1558249199,72.98,72.99,72.5,72.5,323.19079507
1558249200,1558252799,72.56,74.7,72.54,73.69,735.19463016
1558252800,1558256399,73.61,74.58,73.52,74.15,652.95853679
1558256400,1558259999,74.2,74.99,73.64,74.99,373.83482825
1558260000,1558263599,74.9,75.74,74.07,74.87,814.70661427
1558263600,1558267199,74.79,75.58,73.13,73.58,845.76794766
1558267200,1558270799,73.55,74.39,73.0,74.2,323.8634701
1558270800,1558274399,73.48,74.65,73.18,73.18,677.98926689
1558274400,1558277999,73.18,74.5,73.0,73.29,175.97553505
1558278000,1558281599,73.69,74.22,73.27,73.95,178.13967525
1558281600,1558285199,73.5,73.83,72.71,73.3,541.74595961
1558285200,1558288799,73.26,75.28,73.1,74.7,305.69268388
1558288800,1558292399,74.82,75.21,74.41,75.0,427.9568199
1558292400,1558295999,75.0,75.7,74.62,74.87,234.72105125
1558296000,1558299599,74.71,74.87,74.04,74.4,221.3445096
1558299600,1558303199,74.5,75.19,74.4,75.0,161.04848749
1558303200,1558306799,75.0,75.75,74.4,75.73,1112.58186877
1558306800,1558310399,75.75,76.53,75.0,75.0,1908.85968805
1558310400,1558313999,74.4,74.4,71.02,72.01,507.30567033
1558314000,1558317599,71.88,72.49,71.88,72.49,75.91814759
1558317600,1558321199,72.56,72.67,71.68,71.8,117.57715137
1558321200,1558324799,72.32,73.11,72.31,73.11,105.21451859
1558324800,1558328399,72.91,72.94,72.52,72.59,65.62286942
1558328400,1558331999,72.51,72.76,72.02,72.3,179.35437001
1558332000,1558335599,72.53,72.78,71.5,71.5,240.95753672
1558335600,1558339199,71.51,72.38,71.23,71.42,823.82148296
1558339200,1558342799,71.5,71.87,71.09,71.87,236.85651637
1558342800,1558346399,71.73,72.51,71.19,71.97,90.35785408
1558346400,1558349999,71.96,72.68,71.75,72.09,53.42199539
1558350000,1558353599,72.19,72.19,71.53,71.89,168.50233474
1558353600,1558357199,71.77,72.32,69.75,70.43,536.66821799
1558357200,1558360799,70.51,70.51,69.0,70.12,580.31843881
1558360800,1558364399,70.22,70.99,69.66,70.99,462.28566473
1558364400,1558367999,71.0,71.3,70.23,71.3,120.87498712
1558368000,1558371599,71.03,71.54,70.51,71.39,271.73101594
1558371600,1558375199,70.99,71.18,70.38,70.69,185.63430544
1558375200,1558378799,70.68,70.78,69.5,70.22,170.5727823
1558378800,1558382399,70.38,71.68,70.09,71.68,83.53942074
1558382400,1558385999,71.77,72.81,71.3,72.81,674.16362214
1558386000,1558389599,72.95,73.0,71.96,72.04,349.77935328
1558389600,1558393199,72.26,72.84,71.37,71.37,128.58358869
1558393200,1558396799,71.8,72.35,71.39,71.88,367.89542829
1558396800,1558400399,72.19,72.55,71.99,71.99,26.47510345
1558400400,1558403999,72.5,72.68,72.07,72.17,17.53355993
1558404000,1558407599,71.62,72.16,71.37,72.16,49.12620105
1558407600,1558411199,72.15,72.15,71.1,71.1,105.03953993
1558411200,1558414799,70.87,71.11,70.61,70.61,113.11343442
1558414800,1558418399,70.46,71.31,70.37,71.23,181.6310455
1558418400,1558421999,71.28,71.96,70.84,71.96,81.7611112
1558422000,1558425599,71.96,72.5,71.72,72.02,624.1855995
1558425600,1558429199,71.77,72.47,71.54,72.28,430.74358043
1558429200,1558432799,72.33,72.95,72.0,72.22,330.82903422
1558432800,1558436399,72.47,72.47,71.49,72.2,119.46549234
1558436400,1558439999,72.15,72.19,70.72,71.73,221.3941901
1558440000,1558443599,70.83,71.59,70.83,71.19,38.05026802
1558443600,1558447199,71.6,73.29,71.58,72.13,874.17043232
1558447200,1558450799,72.06,72.07,71.2,71.82,249.99289152
1558450800,1558454399,71.84,71.99,71.21,71.8,123.73436522
1558454400,1558457999,71.43,72.2,71.42,71.92,114.45178076
1558458000,1558461599,72.1,72.9,71.99,72.9,421.22396391
1558461600,1558465199,72.9,72.9,72.29,72.88,301.95608399
1558465200,1558468799,72.66,72.89,72.28,72.69,678.24726579
1558468800,1558472399,72.7,73.1,72.41,73.1,1016.35981291
1558472400,1558475999,73.1,73.1,72.21,72.21,193.27645879
1558476000,1558479599,72.21,72.55,72.0,72.44,90.52793141
1558479600,1558483199,72.05,72.48,72.0,72.0,89.26285959
1558483200,1558486799,71.88,72.44,71.81,72.44,406.42176509
1558486800,1558490399,72.5,72.53,71.73,71.73,21.10232204
1558490400,1558493999,71.99,72.11,71.87,72.06,3.31420372
1558494000,1558497599,71.97,72.35,71.5,71.5,150.81191362
1558497600,1558501199,71.31,72.1,71.25,71.89,45.3420137
1558501200,1558504799,72.1,72.42,71.84,72.26,104.15038515
1558504800,1558508399,72.32,72.82,72.08,72.82,67.64866108
1558508400,1558511999,72.46,72.88,72.06,72.15,226.02963096
1558512000,1558515599,72.47,72.5,71.95,72.32,198.2056577
1558515600,1558519199,72.35,72.47,71.5,71.5,150.3535478
1558519200,1558522799,71.53,72.0,71.47,71.48,138.47443041
1558522800,1558526399,71.79,71.79,70.7,71.36,314.68279411
1558526400,1558529999,71.37,71.62,71.09,71.1,93.14987406
1558530000,1558533599,71.01,71.92,71.01,71.52,234.8397548
1558533600,1558537199,71.52,72.04,71.5,71.52,126.14234536
1558537200,1558540799,71.53,72.91,71.21,72.37,270.53635874
1558540800,1558544399,72.34,72.35,71.31,71.31,139.56473712
1558544400,1558547999,71.9,71.9,71.1,71.59,502.81846863
1558548000,1558551599,71.62,71.77,71.13,71.4,42.3433117
1558551600,1558555199,71.47,71.8,71.31,71.51,45.72475115
1558555200,1558558799,71.73,72.0,68.01,70.69,3991.21778142
1558558800,1558562399,70.55,70.58,68.8,69.21,1286.19450312
1558562400,1558565999,69.46,70.49,68.61,70.12,604.38882882
1558566000,1558569599,70.39,70.47,69.11,69.11,99.27295597
1558569600,1558573199,69.25,69.82,68.45,69.55,63.02951709
1558573200,1558576799,69.57,69.62,69.02,69.34,250.60569302
1558576800,1558580399,69.04,69.68,69.04,69.54,8.21852867
1558580400,1558583999,69.66,69.66,69.03,69.03,8.62929248
1558584000,1558587599,69.18,69.66,69.1,69.11,69.36592679
1558587600,1558591199,68.98,69.07,68.36,68.85,442.32186671
1558591200,1558594799,68.55,69.15,67.75,68.82,216.01817287
1558594800,1558598399,69.15,69.22,68.2,68.2,146.64538271
1558598400,1558601999,68.2,68.6,67.61,67.71,476.69108705
1558602000,1558605599,67.95,68.76,67.2,68.47,322.09151331
1558605600,1558609199,68.77,69.61,68.3,69.61,181.02134662
1558609200,1558612799,69.21,69.67,68.69,68.82,154.10847612
1558612800,1558616399,68.66,69.13,68.16,69.13,94.80070817
1558616400,1558619999,68.9,69.55,68.89,69.53,145.28435164
1558620000,1558623599,69.53,70.2,69.23,70.08,101.49252076
1558623600,1558627199,69.88,71.05,69.5,69.87,353.12622926
1558627200,1558630799,70.12,70.86,69.6,70.1,441.88314491
1558630800,1558634399,70.02,70.25,69.3,69.6,505.11372507
1558634400,1558637999,69.82,69.98,69.17,69.76,140.67328911
1558638000,1558641599,69.84,69.84,69.21,69.63,184.76779343
1558641600,1558645199,69.63,70.24,69.35,69.74,142.96740081
1558645200,1558648799,70.04,70.76,69.73,70.72,790.79404483
1558648800,1558652399,70.72,71.0,70.3,70.61,997.09986779
1558652400,1558655999,70.61,70.61,70.14,70.23,224.34888685
1558656000,1558659599,70.52,70.59,70.1,70.2,53.66536104
1558659600,1558663199,70.55,71.08,70.32,70.67,300.62127836
1558663200,1558666799,70.79,70.8,70.09,70.53,122.84028646
1558666800,1558670399,70.52,71.09,70.01,71.09,68.4823172
1558670400,1558673999,70.72,70.8,70.23,70.52,10.54586426
1558674000,1558677599,70.2,70.36,69.8,70.08,48.24900332
1558677600,1558681199,70.42,72.77,70.17,72.77,2335.56958803
1558681200,1558684799,72.8,75.23,72.8,74.77,1180.56579543
1558684800,1558688399,74.4,75.93,74.4,75.3,630.24414488
1558688400,1558691999,75.08,75.81,74.33,74.42,415.72039703
1558692000,1558695599,74.62,76.45,74.53,76.45,626.28963446
1558695600,1558699199,76.45,79.19,76.45,78.72,1858.7965098
1558699200,1558702799,78.58,78.97,76.99,78.54,1104.05264442
1558702800,1558706399,78.35,78.46,77.0,78.3,367.08153117
1558706400,1558709999,78.2,80.0,77.44,79.11,1400.02296561
1558710000,1558713599,79.03,79.63,77.06,78.66,3324.07406033
1558713600,1558717199,78.31,81.55,78.31,79.81,2577.9918543
1558717200,1558720799,79.45,80.3,78.84,79.29,825.54076328
1558720800,1558724399,79.01,80.0,78.99,79.39,140.9556537
1558724400,1558727999,79.59,79.69,77.39,79.13,405.16909686
1558728000,1558731599,78.93,80.6,78.93,80.6,481.90345594
1558731600,1558735199,80.65,80.73,78.5,80.05,430.65075349
1558735200,1558738799,79.78,79.98,78.4,78.4,189.18493326
1558738800,1558742399,78.74,79.55,78.0,78.79,421.4363846
1558742400,1558745999,79.32,79.94,78.41,79.25,215.52603393
1558746000,1558749599,78.22,79.96,78.01,79.96,44.72112114
1558749600,1558753199,79.63,80.6,79.03,80.6,549.99945396
1558753200,1558756799,80.6,81.75,80.47,81.55,452.99002734
1558756800,1558760399,81.73,81.98,81.32,81.89,79.24597308
1558760400,1558763999,81.1,81.15,79.68,79.68,469.87302034
1558764000,1558767599,80.26,80.63,79.5,79.99,236.53918425
1558767600,1558771199,79.53,81.04,79.5,80.37,186.53163379
1558771200,1558774799,80.58,81.3,79.9,81.2,371.5599225
1558774800,1558778399,81.2,81.5,80.11,81.29,729.40754687
1558778400,1558781999,81.29,82.0,80.65,80.96,582.67617231
1558782000,1558785599,80.91,81.92,80.65,81.0,612.32052738
